{
    "name": "root",
    "gauges": {
        "Jumper.Policy.Entropy.mean": {
            "value": 0.6720141172409058,
            "min": 0.6720141172409058,
            "max": 0.6924192309379578,
            "count": 2
        },
        "Jumper.Environment.EpisodeLength.mean": {
            "value": 17.242592592592594,
            "min": 15.102728731942214,
            "max": 17.242592592592594,
            "count": 2
        },
        "Jumper.Policy.ExtrinsicValueEstimate.mean": {
            "value": 0.16351301968097687,
            "min": 0.16351301968097687,
            "max": 0.4013095498085022,
            "count": 2
        },
        "Jumper.Policy.CuriosityValueEstimate.mean": {
            "value": -0.1557600349187851,
            "min": -0.17104370892047882,
            "max": -0.1557600349187851,
            "count": 2
        },
        "Jumper.Environment.CumulativeReward.mean": {
            "value": -0.9438889196763436,
            "min": -1.0212219009876635,
            "max": -0.9438889196763436,
            "count": 2
        },
        "Jumper.Policy.ExtrinsicReward.mean": {
            "value": -0.9438889196763436,
            "min": -1.0212219009876635,
            "max": -0.9438889196763436,
            "count": 2
        },
        "Jumper.Policy.CuriosityReward.mean": {
            "value": 0.002439399068100977,
            "min": 8.468726942135272e-05,
            "max": 0.002439399068100977,
            "count": 2
        },
        "Jumper.Losses.ValueLoss.mean": {
            "value": 0.14936447143554688,
            "min": 0.14936447143554688,
            "max": 0.2597190737724304,
            "count": 2
        },
        "Jumper.Losses.PolicyLoss.mean": {
            "value": 0.1451190561056137,
            "min": 0.14045670628547668,
            "max": 0.1451190561056137,
            "count": 2
        },
        "Jumper.Policy.LearningRate.mean": {
            "value": 0.00029999998514540493,
            "min": 0.00029999998514540493,
            "max": 0.00029999998514540493,
            "count": 2
        },
        "Jumper.Policy.Epsilon.mean": {
            "value": 0.20000003278255463,
            "min": 0.20000003278255463,
            "max": 0.20000003278255463,
            "count": 2
        },
        "Jumper.Policy.Beta.mean": {
            "value": 0.004999999422580004,
            "min": 0.004999999422580004,
            "max": 0.004999999422580004,
            "count": 2
        },
        "Jumper.Losses.CuriosityForwardLoss.mean": {
            "value": 0.008367831818759441,
            "min": 0.008367831818759441,
            "max": 0.06748540699481964,
            "count": 2
        },
        "Jumper.Losses.CuriosityInverseLoss.mean": {
            "value": 0.6794443130493164,
            "min": 0.6794443130493164,
            "max": 0.6951931715011597,
            "count": 2
        },
        "Jumper.IsTraining.mean": {
            "value": 1.0,
            "min": 1.0,
            "max": 1.0,
            "count": 2
        }
    },
    "metadata": {
        "timer_format_version": "0.1.0",
        "start_time_seconds": "1606662000",
        "python_version": "3.7.9 (default, Aug 31 2020, 17:10:11) [MSC v.1916 64 bit (AMD64)]",
        "command_line_arguments": "C:\\Users\\Pieter\\anaconda3\\envs\\ml-agents\\Scripts\\mlagents-learn Player.yml --run-id run_03",
        "mlagents_version": "0.19.0",
        "mlagents_envs_version": "0.19.0",
        "communication_protocol_version": "1.0.0",
        "tensorflow_version": "2.3.1",
        "numpy_version": "1.18.5",
        "end_time_seconds": "1606662210"
    },
    "total": 210.65676729999998,
    "count": 1,
    "self": 0.004819899999972677,
    "children": {
        "run_training.setup": {
            "total": 0.006672000000000011,
            "count": 1,
            "self": 0.006672000000000011
        },
        "TrainerController.start_learning": {
            "total": 210.6452754,
            "count": 1,
            "self": 0.5495215000015037,
            "children": {
                "TrainerController._reset_env": {
                    "total": 7.6683932,
                    "count": 1,
                    "self": 7.6683932
                },
                "TrainerController.advance": {
                    "total": 202.07329259999852,
                    "count": 17033,
                    "self": 0.26752789999932247,
                    "children": {
                        "env_step": {
                            "total": 201.8057646999992,
                            "count": 17033,
                            "self": 188.72939150000047,
                            "children": {
                                "SubprocessEnvManager._take_step": {
                                    "total": 12.816017399999355,
                                    "count": 17033,
                                    "self": 0.4659274999994558,
                                    "children": {
                                        "TFPolicy.evaluate": {
                                            "total": 12.3500898999999,
                                            "count": 16410,
                                            "self": 12.3500898999999
                                        }
                                    }
                                },
                                "workers": {
                                    "total": 0.26035579999937575,
                                    "count": 17032,
                                    "self": 0.0,
                                    "children": {
                                        "worker_root": {
                                            "total": 203.40518149999983,
                                            "count": 17032,
                                            "is_parallel": true,
                                            "self": 82.3272725000001,
                                            "children": {
                                                "steps_from_proto": {
                                                    "total": 0.00028879999999986694,
                                                    "count": 1,
                                                    "is_parallel": true,
                                                    "self": 0.00014379999999913906,
                                                    "children": {
                                                        "_process_vector_observation": {
                                                            "total": 0.00014500000000072788,
                                                            "count": 2,
                                                            "is_parallel": true,
                                                            "self": 0.00014500000000072788
                                                        }
                                                    }
                                                },
                                                "UnityEnvironment.step": {
                                                    "total": 121.07762019999971,
                                                    "count": 17032,
                                                    "is_parallel": true,
                                                    "self": 1.5556451999995886,
                                                    "children": {
                                                        "UnityEnvironment._generate_step_input": {
                                                            "total": 1.0218213000002896,
                                                            "count": 17032,
                                                            "is_parallel": true,
                                                            "self": 1.0218213000002896
                                                        },