{"count":1,"self":1527.0170624,"total":4658.7795442999995,"children":{"AgentSendState":{"count":550317,"self":112.28584959999999,"total":329.8237208,"children":{"CollectObservations":{"count":3001950,"self":20.633916799999998,"total":20.633917,"children":null},"CollectDiscreteActionMasks":{"count":3001950,"self":20.209111999999998,"total":20.2091118,"children":null},"AgentInfo.ToProto":{"count":3001950,"self":50.5992544,"total":176.6948454,"children":{"GenerateSensorData":{"count":3001950,"self":57.424550399999994,"total":126.09559,"children":{"RayPerceptionSensor.Perceive":{"count":3001950,"self":68.671039999999991,"total":68.6710414,"children":null}}}}}}},"DecideAction":{"count":550317,"self":2795.4075648,"total":2795.407633,"children":null},"AgentAct":{"count":550317,"self":5.5437259999999995,"total":5.5437261,"children":null},"AgentInfo.ToProto":{"count":10332,"self":0.2692238,"total":0.98546,"children":{"GenerateSensorData":{"count":10332,"self":0.269106,"total":0.7162362,"children":{"RayPerceptionSensor.Perceive":{"count":10332,"self":0.4471302,"total":0.4471302,"children":null}}}}}},"gauges":{"Jumper.CumulativeReward":{"count":10332,"max":21.9999886,"min":-3.99999881,"runningAverage":0.392895967,"value":0.100000024,"weightedAverage":0.476986557}},"metadata":{"timer_format_version":"0.1.0","start_time_seconds":"1606662258","unity_version":"2019.4.15f1","command_line_arguments":"C:\/Program Files\/Unity\/Hub\/Editor\/2019.4.10f1\/Editor\/Unity.exe -projectpath C:\/Users\/Pieter\/Desktop\/machine-learning-jumper-excercise-OngenaePieter -useHub -hubIPC -cloudEnvironment production -hubSessionId d9453d10-322e-11eb-a443-d508a1e44dc8 -accessToken xYAmrQEemjvztnna2lcf_YoJbzlVRP7J9s9_30L-K3M012f","communication_protocol_version":"1.0.0","com.unity.ml-agents_version":"1.0.5","scene_name":"SampleScene","end_time_seconds":"1606666916"}}