{
    "name": "root",
    "metadata": {
        "timer_format_version": "0.1.0",
        "start_time_seconds": "1606660037",
        "python_version": "3.7.9 (default, Aug 31 2020, 17:10:11) [MSC v.1916 64 bit (AMD64)]",
        "command_line_arguments": "C:\\Users\\Pieter\\anaconda3\\envs\\ml-agents\\Scripts\\mlagents-learn Player.yml --run-id run_01",
        "mlagents_version": "0.19.0",
        "mlagents_envs_version": "0.19.0",
        "communication_protocol_version": "1.0.0",
        "tensorflow_version": "2.3.1",
        "numpy_version": "1.18.5",
        "end_time_seconds": "1606660279"
    },
    "total": 242.0768262,
    "count": 1,
    "self": 0.008679400000005444,
    "children": {
        "run_training.setup": {
            "total": 0.01838599999999957,
            "count": 1,
            "self": 0.01838599999999957
        },
        "TrainerController.start_learning": {
            "total": 242.0497608,
            "count": 1,
            "self": 0.1516533999993328,
            "children": {
                "TrainerController._reset_env": {
                    "total": 7.265543200000001,
                    "count": 1,
                    "self": 7.265543200000001
                },
                "TrainerController.advance": {
                    "total": 234.31821520000068,
                    "count": 3944,
                    "self": 0.0744300000013709,
                    "children": {
                        "env_step": {
                            "total": 234.2437851999993,
                            "count": 3944,
                            "self": 230.7815487999991,
                            "children": {
                                "SubprocessEnvManager._take_step": {
                                    "total": 3.3955375000003087,
                                    "count": 3944,
                                    "self": 0.1311992000004487,
                                    "children": {
                                        "TFPolicy.evaluate": {
                                            "total": 3.26433829999986,
                                            "count": 3944,
                                            "self": 3.26433829999986
                                        }
                                    }
                                },
                                "workers": {
                                    "total": 0.0666988999998992,
                                    "count": 3943,
                                    "self": 0.0,
                                    "children": {
                                        "worker_root": {
                                            "total": 235.3636259000001,
                                            "count": 3943,
                                            "is_parallel": true,
                                            "self": 8.97050630000129,
                                            "children": {
                                                "steps_from_proto": {
                                                    "total": 0.0018868999999996916,
                                                    "count": 1,
                                                    "is_parallel": true,
                                                    "self": 0.00017770000000005837,
                                                    "children": {
                                                        "_process_vector_observation": {
                                                            "total": 0.0017091999999996332,
                                                            "count": 2,
                                                            "is_parallel": true,
                                                            "self": 0.0017091999999996332
                                                        }
                                                    }
                                                },
                                                "UnityEnvironment.step": {
                                                    "total": 226.39123269999882,
                                                    "count": 3943,
                                                    "is_parallel": true,
                                                    "self": 0.4357345999981419,
                                                    "children": {
                                                        "UnityEnvironment._generate_step_input": {
                                                            "total": 0.2866186000001747,
                                                            "count": 3943,
                                                            "is_parallel": true,
                                                            "self": 0.2866186000001747
                                                        },
                                                        "communicator.exchange": {
                                                            "total": 224.41549089999998,
                                                            "count": 3943,
                                                            "is_parallel": true,
                                                            "self": 224.41549089999998
                                                        },
                                                        "steps_from_proto": {
                                                            "total": 1.2533886000005348,
                                                            "count": 3943,
                                                            "is_parallel": true,
                                                            "self": 0.7612659000001907,
                                                            "children": {
                                                                "_process_vector_observation": {
                                                                    "total": 0.4921227000003441,
                                                                    "count": 7886,
                                                                    "is_parallel": true,
                                                                    "self": 0.4921227000003441
                                                                }
                                                            }
                                                        }
                                                    }
                                                }
                                            }
                                        }
                                    }
                                }
                            }
                        }
                    }
                },
                "trainer_threads": {
                    "total": 2.5300000004335743e-05,
                    "count": 1,
                    "self": 2.5300000004335743e-05,
                    "children": {
                        "thread_root": {
                            "total": 0.0,
                            "count": 0,
                            "is_parallel": true,
                            "self": 0.0,
                            "children": {
                                "trainer_advance": {
                                    "total": 233.96414429999865,
                                    "count": 15304,
                                    "is_parallel": true,
                                    "self": 0.995482099996849,
                                    "children": {
                                        "process_trajectory": {
                                            "total": 232.9686622000018,
                                            "count": 15304,
                                            "is_parallel": true,