{"cameraMode":{"drawMode":0,"name":"Shaded","section":"Shading Mode"},"sceneLighting":false,"audioPlay":false,"sceneViewState":{"showFog":true,"showMaterialUpdate":false,"showSkybox":false,"showFlares":true,"showImageEffects":true,"showParticleSystems":true},"in2DMode":false,"pivot":{"x":26.100000381469728,"y":-1.4000000953674317,"z":37.79090881347656},"rotation":{"x":-0.08268024772405625,"y":-0.6140937805175781,"z":0.06491141021251679,"w":-0.7822134494781494},"size":4.712485313415527,"orthographic":false}