{"cameraMode":{"drawMode":0,"name":"Shaded","section":"Shading Mode"},"sceneLighting":true,"audioPlay":false,"sceneViewState":{"showFog":true,"showMaterialUpdate":false,"showSkybox":true,"showFlares":true,"showImageEffects":true,"showParticleSystems":true},"in2DMode":false,"pivot":{"x":8.604669570922852,"y":-2.3419525623321535,"z":37.8210334777832},"rotation":{"x":0.06775233149528504,"y":0.013465073890984059,"z":-0.0009130383841693401,"w":0.9976226687431336},"size":13.464521408081055,"orthographic":false}