{"cameraMode":{"drawMode":0,"name":"Shaded","section":"Shading Mode"},"sceneLighting":false,"audioPlay":false,"sceneViewState":{"showFog":true,"showMaterialUpdate":false,"showSkybox":false,"showFlares":true,"showImageEffects":true,"showParticleSystems":true},"in2DMode":false,"pivot":{"x":24.840551376342775,"y":-2.6009011268615724,"z":36.943416595458987},"rotation":{"x":0.04325801879167557,"y":0.7125005722045898,"z":-0.04409491643309593,"w":0.6989519000053406},"size":3.1385161876678469,"orthographic":false}