{"cameraMode":{"drawMode":0,"name":"Shaded","section":"Shading Mode"},"sceneLighting":true,"audioPlay":false,"sceneViewState":{"showFog":true,"showMaterialUpdate":false,"showSkybox":true,"showFlares":true,"showImageEffects":true,"showParticleSystems":true},"in2DMode":false,"pivot":{"x":19.731117248535158,"y":-4.414819717407227,"z":46.535728454589847},"rotation":{"x":0.37601518630981448,"y":0.11766055226325989,"z":-0.048206377774477008,"w":0.9178640246391296},"size":28.82532501220703,"orthographic":false}