{"cameraMode":{"drawMode":0,"name":"Shaded","section":"Shading Mode"},"sceneLighting":false,"audioPlay":false,"sceneViewState":{"showFog":true,"showMaterialUpdate":false,"showSkybox":false,"showFlares":true,"showImageEffects":true,"showParticleSystems":true},"in2DMode":false,"pivot":{"x":26.100000381469728,"y":-4.400000095367432,"z":37.79090881347656},"rotation":{"x":0.15561792254447938,"y":0.02666405588388443,"z":-0.004201682284474373,"w":0.9874523282051086},"size":0.8660253882408142,"orthographic":false}