{"cameraMode":{"drawMode":0,"name":"Shaded","section":"Shading Mode"},"sceneLighting":false,"audioPlay":false,"sceneViewState":{"showFog":true,"showMaterialUpdate":false,"showSkybox":false,"showFlares":true,"showImageEffects":true,"showParticleSystems":true},"in2DMode":false,"pivot":{"x":-5.560199737548828,"y":-1.0384771823883057,"z":-1.0909080505371094},"rotation":{"x":-0.038681235164403918,"y":-0.001502018654718995,"z":-0.00007730902871116996,"w":0.9992699027061462},"size":55.90170669555664,"orthographic":false}